{
  "teacher_fp32_bs1": {
    "p50_ms": 67.44859996251762,
    "p95_ms": 89.13899469189346,
    "throughput_req_s": 14.659147689530403
  },
  "student_fp32_bs1": {
    "p50_ms": 3.4083002246916294,
    "p95_ms": 4.383079824037849,
    "throughput_req_s": 288.46463190726996
  },
  "student_int8_bs1": {
    "p50_ms": 6.117349956184626,
    "p95_ms": 9.47314971126616,
    "throughput_req_s": 156.7310911066984
  },
  "teacher_fp32_bs8": {
    "p50_ms": 464.99550016596913,
    "p95_ms": 521.5192951029167,
    "throughput_req_s": 17.105283408515106
  },
  "student_fp32_bs8": {
    "p50_ms": 9.13184997625649,
    "p95_ms": 12.2759350342676,
    "throughput_req_s": 867.408199370064
  },
  "student_int8_bs8": {
    "p50_ms": 11.059349868446589,
    "p95_ms": 15.409165201708674,
    "throughput_req_s": 698.1624938071387
  }
}