{
  "validation": {
    "accuracy": 0.7835051546391752,
    "f1_macro": 0.7273114869416872
  },
  "test": {
    "accuracy": 0.7711340206185567,
    "f1_macro": 0.7279220868263896
  }
}