{
  "validation": {
    "accuracy": 0.6948453608247422,
    "f1_macro": 0.45194799737396657
  },
  "test": {
    "accuracy": 0.6865979381443299,
    "f1_macro": 0.4508960573476702
  }
}