{
  "before": {
    "validation": {
      "accuracy": 0.1154639175257732,
      "f1_macro": 0.06900800985828713
    },
    "test": {
      "accuracy": 0.12371134020618557,
      "f1_macro": 0.07339449541284404
    }
  },
  "after": {
    "validation": {
      "accuracy": 0.8556701030927835,
      "f1_macro": 0.8427042037215614
    },
    "test": {
      "accuracy": 0.8412371134020619,
      "f1_macro": 0.8288658648441016
    }
  },
  "finetuned": true
}