{
  "teacher_fp32_bs1": {
    "p50_ms": 80.31734987162054,
    "p95_ms": 106.18634002748877,
    "throughput_req_s": 12.151536686773309
  },
  "student_fp32_bs1": {
    "p50_ms": 3.049449995160103,
    "p95_ms": 4.53448505140841,
    "throughput_req_s": 308.81144006766266
  },
  "student_int8_bs1": {
    "p50_ms": 8.231300162151456,
    "p95_ms": 12.921169796027243,
    "throughput_req_s": 119.87129912017302
  },
  "teacher_fp32_bs8": {
    "p50_ms": 500.7044000085443,
    "p95_ms": 587.1186548378319,
    "throughput_req_s": 15.74479400291922
  },
  "student_fp32_bs8": {
    "p50_ms": 9.912899928167462,
    "p95_ms": 14.251135219819842,
    "throughput_req_s": 771.9149923453813
  },
  "student_int8_bs8": {
    "p50_ms": 12.325950199738145,
    "p95_ms": 18.142015137709674,
    "throughput_req_s": 625.9910710945227
  }
}