{
  "before": {
    "validation": {
      "accuracy": 0.6082474226804123,
      "f1_macro": 0.25213675213675213
    },
    "test": {
      "accuracy": 0.5814432989690722,
      "f1_macro": 0.24511082138200782
    }
  },
  "after": {
    "validation": {
      "accuracy": 0.8515463917525773,
      "f1_macro": 0.834888888888889
    },
    "test": {
      "accuracy": 0.8597938144329897,
      "f1_macro": 0.8315032902846523
    }
  },
  "finetuned": true
}