{
  "validation": {
    "accuracy": 0.7298969072164948,
    "f1_macro": 0.6316952360155766
  },
  "test": {
    "accuracy": 0.7298969072164948,
    "f1_macro": 0.6149108484748623
  }
}