{
  "validation": {
    "accuracy": 0.7896907216494845,
    "f1_macro": 0.7348357487162542
  },
  "test": {
    "accuracy": 0.7876288659793814,
    "f1_macro": 0.7318692565929118
  }
}